"Txhash","Blockno","UnixTimestamp","DateTime","From","To","ContractAddress","Value_IN(FTM)","Value_OUT(FTM)","CurrentValue @ $2.495/FTM","TxnFee(FTM)","TxnFee(USD)","Historical $Price/FTM","Status","ErrCode","Method"
"0xc1ab673eb06460c3a062e337fc489276d47f29efa1707718cdc69dd2a2291c12","5182910","1637753889","2021-11-24 11:38:09","0xb48b8d4a342054be5bf03981fd36358bf4e2bd29","","0x33c19d7b0fdcb315397071316fb187c5aea91fe8","0","0","0","0.0077710234230885","0.0193887034406058","","","","0x60806040",""
"0x51f151d1f7b86da3191c61912f18984137c1489c9c48bf9172b0858a84671108","5182918","1637753897","2021-11-24 11:38:17","0xb48b8d4a342054be5bf03981fd36358bf4e2bd29","0x33c19d7b0fdcb315397071316fb187c5aea91fe8","","0","0","0","0.0001680920807025","0.000419389741352737","","","","Set Sales Agreement",""
"0x4e88275afbcad8989fc9033435ceb901d13595f27a7d4f22a50f9951a113d4d9","5182925","1637753906","2021-11-24 11:38:26","0xb48b8d4a342054be5bf03981fd36358bf4e2bd29","0x33c19d7b0fdcb315397071316fb187c5aea91fe8","","0","0","0","0.000287788403004","0.00071803206549498","","","","Add Order",""
"0x41bdab3d257dbeac7d66d1d8b6cdacf714535f9e2f1d14dd538977492e2d4162","5182932","1637753916","2021-11-24 11:38:36","0xd14960983333af76a1a5d02221ae6a71dd6ab1cd","0x33c19d7b0fdcb315397071316fb187c5aea91fe8","","0","0","0","0.0001810948218165","0.000451831580432168","","","","Create Invoice",""
"0x21f58b5e0cbf615424c20754b3af63b18dbda2171fabf98b4e1183048bca5433","5182941","1637753924","2021-11-24 11:38:44","0xb48b8d4a342054be5bf03981fd36358bf4e2bd29","0x33c19d7b0fdcb315397071316fb187c5aea91fe8","","0","0","0","0.0000699084845565","0.000174421668968467","","","","Confirm Invoice",""
"0x58a4de0d9397efaaf7025a6f382611d4d262acf1a35c257cd5170a1afdd3aa9b","5182950","1637753934","2021-11-24 11:38:54","0xd14960983333af76a1a5d02221ae6a71dd6ab1cd","0x33c19d7b0fdcb315397071316fb187c5aea91fe8","","0","0","0","0.0000737127013845","0.000183913189954328","","","","Confirm Order",""
"0xc2055ceae798e8ce509861f4777c3ea9094dc83abd9282a8bdf1657310ad56de","5182971","1637753955","2021-11-24 11:39:15","0xb48b8d4a342054be5bf03981fd36358bf4e2bd29","0x33c19d7b0fdcb315397071316fb187c5aea91fe8","","0","0","0","0.0002084443806525","0.000520068729727988","","","","Set Financial Agreement Parties",""
"0xfed5a196bf7abc4be4849e27fa64ef02d39b9dc672cbe21c888b85b17ce68b22","5182981","1637753964","2021-11-24 11:39:24","0x9049ce69906d3cd891556810c39f09ea921fc087","0x33c19d7b0fdcb315397071316fb187c5aea91fe8","","0","0","0","0.000044549539179","0.000111151100251605","","","","Confirm Financial Agreement",""
"0x28111eb97e9cd9637abd35b4a1f47dfcaad49bdab56113e427fc04b54c7ba9ff","5182991","1637753974","2021-11-24 11:39:34","0x9049ce69906d3cd891556810c39f09ea921fc087","0x33c19d7b0fdcb315397071316fb187c5aea91fe8","","0","0","0","0.0002087803998045","0.000520907097512227","","","","Set LC Agreement",""
"0x5101a8cacbfb3d46dea1e7b30bc8dee7a7b5fc62d9999fd61577ec5f8bdc3124","5182999","1637753983","2021-11-24 11:39:43","0x9049ce69906d3cd891556810c39f09ea921fc087","0x33c19d7b0fdcb315397071316fb187c5aea91fe8","","0","0","0","0.0000809071114425","0.000201863243049038","","","","Add Document",""
"0xc7521cc242483ab1d634741f32243dc4f4a05f2d255a5229d635e28cd3c79e51","5183013","1637753998","2021-11-24 11:39:58","0x1131e2a8ab95fb76ddea099b7ba4532e2105ae25","0x33c19d7b0fdcb315397071316fb187c5aea91fe8","","0","0","0","0.0000715855801455","0.000178606022463023","","","","Validate Document",""
"0x2fc398fe8224235ac832638d312e47c075944db8d9af1da235ffdd2b3416285e","5183023","1637754008","2021-11-24 11:40:08","0xd14960983333af76a1a5d02221ae6a71dd6ab1cd","0x33c19d7b0fdcb315397071316fb187c5aea91fe8","","0","0","0","0.000283318148214","0.00070687877979393","","","","Set Shipping Agreement",""
"0xd531277d6c6c68c97e2c70bce85626bf8059166022e8f45248b489d184077fe4","5183035","1637754017","2021-11-24 11:40:17","0x00b73d5f916c2f010e391d0ea39b8ed95dc8d9a6","0x33c19d7b0fdcb315397071316fb187c5aea91fe8","","0","0","0","0.0000441730177185","0.000110211679207658","","","","Verify Goods",""
"0x09bc3859099d1db6271daaadc42cd8c952bdf02aced5e204ab98bb19d34303f1","5183044","1637754026","2021-11-24 11:40:26","0x413209e0c7b8bede4d6a510a8282fd7e92811eee","0x33c19d7b0fdcb315397071316fb187c5aea91fe8","","0","0","0","0.000051005907171","0.000127259738391645","","","","Verify Goods",""
"0x3195b88f03378f8a5d482b13b7cddbfdd3c270b4900f81b2726a98ae6c755737","5183052","1637754036","2021-11-24 11:40:36","0x209b153a796c1924b675e5cd9476384cd38e9387","0x33c19d7b0fdcb315397071316fb187c5aea91fe8","","0","0","0","0.0000487962812295","0.000121746721667603","","","","Initiate Shipment",""
"0x2a879226eef7ff8b868df9f9b6702d97421498d4cbfe70c8fdc407705ec68463","5183058","1637754045","2021-11-24 11:40:45","0xe323b722518c16b903eb840d6ee00c504bfec25b","0x33c19d7b0fdcb315397071316fb187c5aea91fe8","","0","0","0","0.000051077911275","0.000127439388631125","","","","Verify Goods",""
"0xa7521888679061eb267125fcca6cd845ea496cc675b71606877da16d31d4bc8c","5183069","1637754054","2021-11-24 11:40:54","0xb48b8d4a342054be5bf03981fd36358bf4e2bd29","0x33c19d7b0fdcb315397071316fb187c5aea91fe8","","0","0","0","0.000044696547558","0.00011151788615721","","","","Confirm Shipment",""
"0x9cbd5df68a8a1f1b72d69f5fb70ffeb261dcf02da4f970cdfe8d8a6f85fcb6d6","5183076","1637754063","2021-11-24 11:41:03","0x9049ce69906d3cd891556810c39f09ea921fc087","0x33c19d7b0fdcb315397071316fb187c5aea91fe8","","0","0","0","0.0001733483802945","0.000432504208834778","","","","Set Payment Agreement",""
"0x4d38692743dc63a672ed850ae465a4410b7be9c6e6586e5add9e81085b47b9f3","5183086","1637754073","2021-11-24 11:41:13","0x9049ce69906d3cd891556810c39f09ea921fc087","0x33c19d7b0fdcb315397071316fb187c5aea91fe8","","0","0","0","0.000048089740959","0.000119983903692705","","","","Initiate Payment",""
"0x14fba6f69ea3f727789aa849d81d9a1a155b363d58cb3f90ce16a1601e7c3bc7","5183094","1637754082","2021-11-24 11:41:22","0x1131e2a8ab95fb76ddea099b7ba4532e2105ae25","0x33c19d7b0fdcb315397071316fb187c5aea91fe8","","0","0","0","0.000044780552346","0.00011172747810327","","","","Processpayment",""
"0x98f3f47ba2f225eaa3db7d2d2b97ba8063e8796e7ee688f502cc11293bf4b835","5183101","1637754092","2021-11-24 11:41:32","0xd14960983333af76a1a5d02221ae6a71dd6ab1cd","0x33c19d7b0fdcb315397071316fb187c5aea91fe8","","0","0","0","0.0000456821037315","0.000113976848810093","","","","Payment Received",""
