Txhash,Blockno,UnixTimestamp,DateTime,From,To,ContractAddress,Value_IN(ETH),Value_OUT(ETH),CurrentValue @ $4509.11/ETH,TxnFee(ETH),TxnFee(USD),Historical $Price/Eth,Status,ErrCode,Method,
0xead88c7dfc704ad9b03210eeb478c2ab033e0dad6caf27985ef30023b26ba27d,9707134,1637890337,2021-11-26 01:32:17,0xb48b8d4a342054be5bf03981fd36358bf4e2bd29,,0x64951725620b43f7b42352a97609f291496f64c7,0,0,0,0.010360774,46.717869651,,,,Accepire-BT Contract,
0x43904af787223356f35ab4d7113ce490fe6057aafd3cba2c64505b6dda4d8bc0,9707135,1637890352,2021-11-26 01:32:32,0xb48b8d4a342054be5bf03981fd36358bf4e2bd29,0x64951725620b43f7b42352a97609f291496f64c7,,0,0,0,0.00022411,1.01053664,,,,Set Sales Agreement,
0xc495108b97da2949a5c1d646b03fc00d7ee26a8ed1a4d250f99adcdd31d13905,9707136,1637890367,2021-11-26 01:32:47,0xb48b8d4a342054be5bf03981fd36358bf4e2bd29,0x64951725620b43f7b42352a97609f291496f64c7,,0,0,0,0.00038326,1.72816150,,,,Add Order,
0xff590c6e56a59f1b62eca5fdd115db0216a52a0233c82c7ee1a50ebb282df192,9707137,1637890382,2021-11-26 01:33:02,0xd14960983333af76a1a5d02221ae6a71dd6ab1cd,0x64951725620b43f7b42352a97609f291496f64c7,,0,0,0,0.000180759,0.815062214,,,,Create Invoice,
0x3b8e952e9486c9210a67537aed4c802c4db5823140f2d8ba13b56ff5f203ee71,9707139,1637890412,2021-11-26 01:33:32,0xb48b8d4a342054be5bf03981fd36358bf4e2bd29,0x64951725620b43f7b42352a97609f291496f64c7,,0,0,0,0.000069904500419427,0.315207081886242000,,,,Confirm Invoice,
0x7daaa249c16a708721d07531eb61121b3dca5da386d713b282e853c79c15d1b8,9707139,1637890412,2021-11-26 01:33:32,0xd14960983333af76a1a5d02221ae6a71dd6ab1cd,0x64951725620b43f7b42352a97609f291496f64c7,,0,0,0,0.000073708500442251,0.332359736429158000,,,,Confirm Order,
0x463b9aaf45ac151e1a532be64c14aecbcd347f977622c66bb088e0ca6b1c1fe0,9707141,1637890442,2021-11-26 01:34:02,0xb48b8d4a342054be5bf03981fd36358bf4e2bd29,0x64951725620b43f7b42352a97609f291496f64c7,,0,0,0,0.00027791,1.25312676,,,,Set Financial Agreement Parties,
0xa58cab040dccfaad24fce693e580e92d87b903e3fd9aa9ccc482932eab1705bc,9707142,1637890457,2021-11-26 01:34:17,0x9049ce69906d3cd891556810c39f09ea921fc087,0x64951725620b43f7b42352a97609f291496f64c7,,0,0,0,0.000065335600534564,0.294605409726408000,,,,Confirm Financial Agreement,
0xc32a5bc71305c14bce6681ed8809cb1abbfecd29be44873f1bfc2a316936e7e9,9707143,1637890472,2021-11-26 01:34:32,0x9049ce69906d3cd891556810c39f09ea921fc087,0x64951725620b43f7b42352a97609f291496f64c7,,0,0,0,0.000278358,1.255146841,,,,Set LC Agreement,
0xe04df152e38535159f55b48cc5ed76e25c75ed4c23109cbdce501e60ede6ad25,9707144,1637890487,2021-11-26 01:34:47,0x9049ce69906d3cd891556810c39f09ea921fc087,0x64951725620b43f7b42352a97609f291496f64c7,,0,0,0,0.000107434,0.484431724,,,,Add Document,
0x726fa3af34cf7b82d7b8e507b5148b35fb7f49d4b703a2a625c0a220d2d42cb2,9707146,1637890517,2021-11-26 01:35:17,0x1131e2a8ab95fb76ddea099b7ba4532e2105ae25,0x64951725620b43f7b42352a97609f291496f64c7,,0,0,0,0.000071581500429489,0.322768859401613000,,,,Validate Document,
0x750a595d0f905261ad74879085239b04c8ddf3570a690d8a6b20e1a4ea1e816d,9707147,1637890532,2021-11-26 01:35:32,0xd14960983333af76a1a5d02221ae6a71dd6ab1cd,0x64951725620b43f7b42352a97609f291496f64c7,,0,0,0,0.000188868001699812,0.851626595144639000,,,,Set Shipping Agreement,
0xca2f1c35d553db0b92fb40cadb655e03eb3a57ffae030b7f7395f8919434a525,9707148,1637890547,2021-11-26 01:35:47,0x00b73d5f916c2f010e391d0ea39b8ed95dc8d9a6,0x64951725620b43f7b42352a97609f291496f64c7,,0,0,0,0.000029447000265023,0.132779763365018000,,,,Verify Goods,
0x3eb696524aa8e7ef3884f8d53cae88a1a975eb01133c5dc5783be54b317c9c95,9707149,1637890562,2021-11-26 01:36:02,0x413209e0c7b8bede4d6a510a8282fd7e92811eee,0x64951725620b43f7b42352a97609f291496f64c7,,0,0,0,0.000034002000306018,0.153318759599869000,,,,Verify Goods,
0x1d8916472367de5eb3abf09f6a151d69dc2f41f0d0cbbc32d243b7104ef49964,9707150,1637890577,2021-11-26 01:36:17,0x209b153a796c1924b675e5cd9476384cd38e9387,0x64951725620b43f7b42352a97609f291496f64c7,,0,0,0,0.000032529000292761,0.146676840510092000,,,,Initiate Shipment,
0xf42f0c88d5a583548e5f586f805c5e641551697b29bc6419096f6ac855771da0,9707151,1637890592,2021-11-26 01:36:32,0xe323b722518c16b903eb840d6ee00c504bfec25b,0x64951725620b43f7b42352a97609f291496f64c7,,0,0,0,0.00005107500030645,0.23030279463181700,,,,Verify Goods,
0x0c12efa6a664734e209e85ddcaeb84f9f962310c0e63e3bc0652e309e2c4bb55,9707152,1637890607,2021-11-26 01:36:47,0xb48b8d4a342054be5bf03981fd36358bf4e2bd29,0x64951725620b43f7b42352a97609f291496f64c7,,0,0,0,0.000044694000268164,0.201530163549181000,,,,Confirm Shipment,
0xbab1121b78ae7cc191a02aafd5c649fbffee6196f359951532c91b7a94ee4c7d,9707153,1637890622,2021-11-26 01:37:02,0x9049ce69906d3cd891556810c39f09ea921fc087,0x64951725620b43f7b42352a97609f291496f64c7,,0,0,0,0.000230681994117609,1.040170486495650000,,,,Set Payment Agreement,
0x6164ce0f113e01f84b6f1cb200f5f62f1592d92e5f237e6c0f401a26d0bdb1c0,9707154,1637890637,2021-11-26 01:37:17,0x9049ce69906d3cd891556810c39f09ea921fc087,0x64951725620b43f7b42352a97609f291496f64c7,,0,0,0,0.000064115998365042,0.289106089387795000,,,,Initiate Payment,
0x64c28cc0ecc3c50cb55f43f26e65224d8234871026a8b402e1dcfa9fda629651,9707155,1637890652,2021-11-26 01:37:32,0x1131e2a8ab95fb76ddea099b7ba4532e2105ae25,0x64951725620b43f7b42352a97609f291496f64c7,,0,0,0,0.00029852,1.34605952,,,,Processpayment,
0xb8a877c98bfda3dbe477e9f1a0340493b78d58c8d97b4c77c94858d549e80ac0,9707156,1637890667,2021-11-26 01:37:47,0xd14960983333af76a1a5d02221ae6a71dd6ab1cd,0x64951725620b43f7b42352a97609f291496f64c7,,0,0,0,0.000075587500272115,0.340832353351996000,,,,Payment Received,