Txhash,Blockno,UnixTimestamp,DateTime,From,To,ContractAddress,Value_IN(ETH),Value_OUT(ETH),CurrentValue @ $4135.31/Eth,TxnFee(ETH),TxnFee(USD),Method,Status,ErrCode,
0xcae86f857bb9914a8bf287819a3168c0543925afcec6eaec4bf9bc7e9c25511a,153167,1638016276,2021-11-27 12:31:16,0xb48b8d4a342054be5bf03981fd36358bf4e2bd29,,0x50ac7933567e500beb3ed263cd1d7a03c580e434,0,0,4135.31,0.000000051807482525,0.000214240000560458,Accepire-BT Contract,,,
0x021315912b5be1010201de3a64275f9a2fb97513bd562a1be9476c0cb1fb1f9a,153168,1638016276,2021-11-27 12:31:16,0xb48b8d4a342054be5bf03981fd36358bf4e2bd29,0x50ac7933567e500beb3ed263cd1d7a03c580e434,,0,0,4135.31,0.000000001119605923,0.00000462991756944113,Set Sales Agreement,,,
0x13973e4554a0b6b640ff32f0f3e95537f6f2f696c3226510d28c3e4e86eb851b,153169,1638016276,2021-11-27 12:31:16,0xb48b8d4a342054be5bf03981fd36358bf4e2bd29,0x50ac7933567e500beb3ed263cd1d7a03c580e434,,0,0,4135.31,0.000000001948363819,0.00000805708838434889,Add Order,,,
0xb388e2d323c58f7c1e9c03c1df807b78d10b79c134eb2cbfaac559266bf0b626,153170,1638016276,2021-11-27 12:31:16,0xd14960983333af76a1a5d02221ae6a71dd6ab1cd,0x50ac7933567e500beb3ed263cd1d7a03c580e434,,0,0,4135.31,0.000000001128116595,0.00000466511183646945,Create Invoice,,,
0xb58db2dba2d168d0667c700b229b4a8aec55f37de6b61fd63f42287a645db019,153171,1638016276,2021-11-27 12:31:16,0xb48b8d4a342054be5bf03981fd36358bf4e2bd29,0x50ac7933567e500beb3ed263cd1d7a03c580e434,,0,0,4135.31,0.000000000466081723,0.00000192739240993913,Confirm Invoice,,,
0x2fcd038a53936f6ae0ba45a8e54424f21b6cedc4271d365ec984bbeb1c768863,153172,1638016276,2021-11-27 12:31:16,0xd14960983333af76a1a5d02221ae6a71dd6ab1cd,0x50ac7933567e500beb3ed263cd1d7a03c580e434,,0,0,4135.31,0.000000000511441723,0.00000211497007153913,Confirm Order,,,
0xa2fdf5623bba3c50a10d0b8b0282beb409fe534faeb346825fd083240f8218df,153173,1638016276,2021-11-27 12:31:16,0xb48b8d4a342054be5bf03981fd36358bf4e2bd29,0x50ac7933567e500beb3ed263cd1d7a03c580e434,,0,0,4135.31,0.000000001415605923,0.00000585396932944113,Set Financial Agreement Parties,,,
0xe1b9686a4955fff685f6a82872d1719c0c0a24d373ee5e5e8eeae9a455dd4a03,153174,1638016276,2021-11-27 12:31:16,0x9049ce69906d3cd891556810c39f09ea921fc087,0x50ac7933567e500beb3ed263cd1d7a03c580e434,,0,0,4135.31,0.000000000338031723,0.00000139786596443913,Confirm Financial Agreement,,,
0x98cf5a1c56f1f7a376144f13897dcd48c78470f76572b908ff942e600cb56eee,153176,1638016276,2021-11-27 12:31:16,0x9049ce69906d3cd891556810c39f09ea921fc087,0x50ac7933567e500beb3ed263cd1d7a03c580e434,,0,0,4135.31,0.000000001390849787,0.00000575159503267897,Set LC Agreement,,,
0xf7b88133251178fa8d073c8232f02cfdce65992f650b1a38fe570ced66f0ceb7,153177,1638016276,2021-11-27 12:31:16,0x9049ce69906d3cd891556810c39f09ea921fc087,0x50ac7933567e500beb3ed263cd1d7a03c580e434,,0,0,4135.31,0.000000000530223235,0.00000219263744592785,Add Document,,,
0x0bb159b7a9b384f9565b509f646fa29e0d0e1a9338be8053728f340585901d81,153178,1638016276,2021-11-27 12:31:16,0x1131e2a8ab95fb76ddea099b7ba4532e2105ae25,0x50ac7933567e500beb3ed263cd1d7a03c580e434,,0,0,4135.31,0.000000000517263235,0.00000213904382832785,Validate Document,,,
0xaf9268c6637482b679a33ef0449aac106c9fbe1d12dfefcf3e7f30e73fb6e3d5,153179,1638016276,2021-11-27 12:31:16,0xd14960983333af76a1a5d02221ae6a71dd6ab1cd,0x50ac7933567e500beb3ed263cd1d7a03c580e434,,0,0,4135.31,0.000000001935751253,0.00000800493151404343,Set Shipping Agreement,,,
0x8133ea43a6b472014879680f245d9a51d2cc04aee52f1a867c6b98e63162fb9d,153180,1638016276,2021-11-27 12:31:16,0x00b73d5f916c2f010e391d0ea39b8ed95dc8d9a6,0x50ac7933567e500beb3ed263cd1d7a03c580e434,,0,0,4135.31,0.000000000315521723,0.00000130478013633913,Verify Goods,,,
0x700f598f957f693b6367c91f46f24d65fc9294f8f0b49495a3815ff4bd447f47,153181,1638016276,2021-11-27 12:31:16,0x413209e0c7b8bede4d6a510a8282fd7e92811eee,0x50ac7933567e500beb3ed263cd1d7a03c580e434,,0,0,4135.31,0.000000000361071723,0.00000149314350683913,Verify Goods,,,
0xff2ead4af0f10eef82d99b0ae112723934c47a29013cef0583a59e50c1f9c0fd,153182,1638016276,2021-11-27 12:31:16,0x209b153a796c1924b675e5cd9476384cd38e9387,0x50ac7933567e500beb3ed263cd1d7a03c580e434,,0,0,4135.31,0.000000000400341723,0.00000165553713053913,Initiate Shipment,,,
0xaa2e9b51cda0eaf8d60f78564d5dadd5ceb2a32f361d7e1ba5efaadbb88f7cae,153183,1638016276,2021-11-27 12:31:16,0xe323b722518c16b903eb840d6ee00c504bfec25b,0x50ac7933567e500beb3ed263cd1d7a03c580e434,,0,0,4135.31,0.000000000361551723,0.00000149512845563913,Verify Goods,,,
0x1be4e00b66554a78704f5b6992c0d81e67070921c1722b0d57a51ab1b025771a,153184,1638016276,2021-11-27 12:31:16,0xb48b8d4a342054be5bf03981fd36358bf4e2bd29,0x50ac7933567e500beb3ed263cd1d7a03c580e434,,0,0,4135.31,0.000000000339011723,0.00000140191856823913,Confirm Shipment,,,
0xfa3ba5a489d425fc9be78be8199683a4f07c7120527d7f88573ddd78a4875849,153185,1638016276,2021-11-27 12:31:16,0x9049ce69906d3cd891556810c39f09ea921fc087,0x50ac7933567e500beb3ed263cd1d7a03c580e434,,0,0,4135.31,0.000000001159473651,0.00000479478298371681,Set Payment Agreement,,,
0xe7347be655cbdcc0ae950dea5d93d0621fd5687e55accda7163cbbf95c35261e,153186,1638016276,2021-11-27 12:31:16,0x9049ce69906d3cd891556810c39f09ea921fc087,0x50ac7933567e500beb3ed263cd1d7a03c580e434,,0,0,4135.31,0.000000000361631597,0.00000149545875939007,Initiate Payment,,,
0xe42e749f5bcb9545e36a4a1bbc8c04e434047c0077c2e3c37ef6e68b16274b4a,153187,1638016276,2021-11-27 12:31:16,0x1131e2a8ab95fb76ddea099b7ba4532e2105ae25,0x50ac7933567e500beb3ed263cd1d7a03c580e434,,0,0,4135.31,0.000000000339571723,0.00000140423434183913,Processpayment,,,
0xaa24123b7a998c2b533784744f0fd02ee03f8e247d04933ce0d0f07689f24bb2,153188,1638016276,2021-11-27 12:31:16,0xd14960983333af76a1a5d02221ae6a71dd6ab1cd,0x50ac7933567e500beb3ed263cd1d7a03c580e434,,0,0,4135.31,0.000000000370401597,0.00000153172542809007,Payment Received,,,